{
    "epoch": 4.470588235294118,
    "total_flos": 4609440909099008.0,
    "train_loss": 0.624243414402008,
    "train_runtime": 253.0416,
    "train_samples_per_second": 10.729,
    "train_steps_per_second": 0.158
}