{
  "best_global_step": null,
  "best_metric": null,
  "best_model_checkpoint": null,
  "epoch": 4.470588235294118,
  "eval_steps": 500,
  "global_step": 40,
  "is_hyper_param_search": false,
  "is_local_process_zero": true,
  "is_world_process_zero": true,
  "log_history": [
    {
      "epoch": 1.1176470588235294,
      "grad_norm": 2.8729188442230225,
      "learning_rate": 0.0001879473751206489,
      "loss": 1.0724,
      "step": 10
    },
    {
      "epoch": 2.235294117647059,
      "grad_norm": 0.7471418380737305,
      "learning_rate": 0.00012454854871407994,
      "loss": 0.7348,
      "step": 20
    },
    {
      "epoch": 3.3529411764705883,
      "grad_norm": 0.7182971239089966,
      "learning_rate": 4.530518418775733e-05,
      "loss": 0.5044,
      "step": 30
    },
    {
      "epoch": 4.470588235294118,
      "grad_norm": 0.6219819784164429,
      "learning_rate": 1.3638696597277679e-06,
      "loss": 0.3572,
      "step": 40
    }
  ],
  "logging_steps": 10,
  "max_steps": 40,
  "num_input_tokens_seen": 0,
  "num_train_epochs": 5,
  "save_steps": 200,
  "stateful_callbacks": {
    "TrainerControl": {
      "args": {
        "should_epoch_stop": false,
        "should_evaluate": false,
        "should_log": false,
        "should_save": true,
        "should_training_stop": true
      },
      "attributes": {}
    }
  },
  "total_flos": 4575262633099264.0,
  "train_batch_size": 4,
  "trial_name": null,
  "trial_params": null
}
